aa	n_codons	modes_present	n_safe_sprinter	n_safe_careful	n_risky_sprinter	n_risky_careful	n_unknown
A	4	risky_careful,risky_sprinter,safe_careful,safe_sprinter	1	1	1	1	0
C	2	risky_careful,safe_sprinter	1	0	0	1	0
D	2	risky_sprinter,safe_careful	0	1	1	0	0
E	2	risky_sprinter,safe_careful	0	1	1	0	0
F	2	risky_sprinter,safe_careful	0	1	1	0	0
G	4	risky_careful,safe_sprinter	2	0	0	2	0
H	2	risky_sprinter,safe_careful	0	1	1	0	0
I	3	risky_careful,safe_sprinter	2	0	0	1	0
K	2	risky_careful,safe_sprinter	1	0	0	1	0
L	6	risky_sprinter,safe_careful,safe_sprinter	2	1	3	0	0
M	1	none	0	0	0	0	1
N	2	risky_sprinter,safe_careful	0	1	1	0	0
P	4	risky_sprinter,safe_careful,safe_sprinter	1	1	2	0	0
Q	2	risky_careful,safe_sprinter	1	0	0	1	0
R	6	risky_careful,risky_sprinter,safe_careful,safe_sprinter	1	2	2	1	0
S	6	risky_careful,risky_sprinter,safe_careful,safe_sprinter	2	1	1	2	0
T	4	risky_careful,safe_sprinter	2	0	0	2	0
V	4	risky_careful,risky_sprinter,safe_careful,safe_sprinter	1	1	1	1	0
W	1	safe_sprinter	1	0	0	0	0
Y	2	risky_sprinter,safe_careful	0	1	1	0	0
